"Section","Project Name","Status","Archived","Due Date","Created At","Updated At","Created By (Name)","Created By (Email)","Created By (Role)","Updated By (Name)","Updated By (Email)","Updated By (Role)","User Name","User Email","User Role","Task Name","Task Status"
"Project Details","project5",1,"N/A","1/1/2025","27/12/2024","27/12/2024",,,,,,,,,,,
"Created By",,,,,,,"urvisha","urvisha03@gmail.com","OWNER",,,,,,,,
"Updated By",,,,,,,,,,"N/A","N/A","general_worker",,,,,
"User 1",,,,,,,,,,,,,"urvisha","urvisha03@gmail.com","creator",,
"User 2",,,,,,,,,,,,,"honey","honey@gmail.com","general_worker",,
"Task 1",,,,,,,,,,,,,,,,"working on oops",1
"Task 2",,,,,,,,,,,,,,,,"working on nothing",1
"Task 3",,,,,,,,,,,,,,,,"working on something",1
"Task 4",,,,,,,,,,,,,,,,"working on something",1
"Task 5",,,,,,,,,,,,,,,,"working on new",1
"Task 6",,,,,,,,,,,,,,,,"working on new",1
"Task 7",,,,,,,,,,,,,,,,"computerrr",1
"Task 8",,,,,,,,,,,,,,,,"computer",1